{"cameraMode":{"drawMode":0,"name":"Shaded","section":"Shading Mode"},"sceneLighting":false,"audioPlay":false,"sceneViewState":{"showFog":false,"showMaterialUpdate":true,"showSkybox":false,"showFlares":false,"showImageEffects":false,"showParticleSystems":false},"in2DMode":false,"pivot":{"x":174.6383514404297,"y":-0.4992790222167969,"z":-0.6535615921020508},"rotation":{"x":0.775423526763916,"y":0.0028414358384907247,"z":-0.003489430295303464,"w":0.6314255595207214},"size":86.77381896972656,"orthographic":false}