{"cameraMode":{"drawMode":0,"name":"Shaded","section":"Shading Mode"},"sceneLighting":false,"audioPlay":false,"sceneViewState":{"showFog":false,"showMaterialUpdate":true,"showSkybox":false,"showFlares":false,"showImageEffects":false,"showParticleSystems":false},"in2DMode":false,"pivot":{"x":193.43992614746095,"y":147.32879638671876,"z":38.798274993896487},"rotation":{"x":0.775423526763916,"y":0.0028414358384907247,"z":-0.003489430295303464,"w":0.6314255595207214},"size":6.764923095703125,"orthographic":false}